"STATDISPID","statcode","TITLE.@no","TITLE","STATISTICS_NAME_SPEC.TABULATION_CATEGORY","STATISTICS_NAME_SPEC.TABULATION_SUB_CATEGORY1","STATISTICS_NAME_SPEC.TABULATION_SUB_CATEGORY2","CYCLE","SURVEY_DATE","UPDATED_DATE"
"0004048329","00500903","1","統計表 畜種別調査戸数（全国農業地域別）（令和６年８月１日現在）","家畜排せつ物管理方法等実態調査","確報","家畜排せつ物管理方法等実態調査（令和６年８月１日現在）","年次","202401-202412","2026-04-17"
"0004048330","00500903","2","統計表 経営形態別・処理の主体別戸数及び割合（全国農業地域別）（令和６年８月１日現在） 全国～沖縄","家畜排せつ物管理方法等実態調査","確報","家畜排せつ物管理方法等実態調査（令和６年８月１日現在）","年次","202401-202412","2026-04-17"
"0004048331","00500903","3","統計表 畜種別家畜排せつ物の混合・分離処理の割合（頭数ベース）（全国農業地域別）（令和６年８月１日現在）","家畜排せつ物管理方法等実態調査","確報","家畜排せつ物管理方法等実態調査（令和６年８月１日現在）","年次","202401-202412","2026-04-17"
"0004048332","00500903","4-1","統計表 畜種別家畜排せつ物の処理方法の割合（頭数ベース）（全国農業地域別）（令和６年８月１日現在） 処理方法の割合","家畜排せつ物管理方法等実態調査","確報","家畜排せつ物管理方法等実態調査（令和６年８月１日現在）","年次","202401-202412","2026-04-17"
"0004048333","00500903","4-2","統計表 畜種別家畜排せつ物の処理方法の割合（頭数ベース）（令和６年８月１日現在） 処理後の取扱い方法の割合 全国～沖縄","家畜排せつ物管理方法等実態調査","確報","家畜排せつ物管理方法等実態調査（令和６年８月１日現在）","年次","202401-202412","2026-04-17"
"0004048334","00500903","4-3","統計表 畜種別家畜排せつ物の処理方法の割合（頭数ベース）（令和６年８月１日現在） メタン発酵消化液の取扱い方法の割合","家畜排せつ物管理方法等実態調査","確報","家畜排せつ物管理方法等実態調査（令和６年８月１日現在）","年次","202401-202412","2026-04-17"
"0004048335","00500903","5","統計表 家畜排せつ物発生量（全国農業地域別）（令和５年度実績）","家畜排せつ物管理方法等実態調査","確報","家畜排せつ物管理方法等実態調査（令和６年８月１日現在）","年次","202401-202412","2026-04-17"
"0004048336","00500903","6","統計表 堆肥生産量（全国農業地域別）（令和５年度実績）","家畜排せつ物管理方法等実態調査","確報","家畜排せつ物管理方法等実態調査（令和６年８月１日現在）","年次","202401-202412","2026-04-17"
"0004048337","00500903","7","統計表 再生敷料利用戸数（全国農業地域別）（令和６年８月１日現在）","家畜排せつ物管理方法等実態調査","確報","家畜排せつ物管理方法等実態調査（令和６年８月１日現在）","年次","202401-202412","2026-04-17"
