"name","attribute","value"
"(別掲)1件当たり平均面積","statistic","mean"
"(参考)｢外れ値｣処理なしCI指数","statistic","index"
"0を除く平均保有台数","statistic","mean"
"0を除く平均利用個数","statistic","mean"
"0を除く平均利用回数","statistic","mean"
"0を除く平均利用時間","statistic","mean"
"0を除く平均利用通数","statistic","mean"
"0を除く平均加入回線数","statistic","mean"
"0を除く平均金額","statistic","mean"
"10歳以上の世帯員一人当たり総平均時間","basis","per_person"
"10歳以上の世帯員一人当たり総平均時間","statistic","mean"
"10歳以上推定人口","method","estimated"
"10～14歳以上推定人口","method","estimated"
"15歳以上人口及び平均年齢","statistic","mean"
"15歳以上就業者及び平均年齢","statistic","mean"
"15歳以上推定人口","method","estimated"
"15歳未満人口の割合","statistic","ratio"
"15～64歳人口の割合","statistic","ratio"
"1トン当り平均輸送キロ","statistic","mean"
"1世帯当たり1か月間の個人的な収入と支出","basis","per_household"
"1世帯当たり1か月間の収入と支出","basis","per_household"
"1世帯当たり1か月間の支出","basis","per_household"
"1世帯当たり1か月間の支出（年平均推定値）","basis","per_household"
"1世帯当たり1か月間の支出（年平均推定値）","method","estimated"
"1世帯当たり1か月間の支出（年平均推定値）","statistic","mean"
"1世帯当たり1日の支出","basis","per_household"
"1世帯当たり人員","basis","per_household"
"1世帯当たり子供の数","basis","per_household"
"1世帯当たり家賃","basis","per_household"
"1世帯当たり居住室の畳数","basis","per_household"
"1世帯当たり居住室数","basis","per_household"
"1世帯当たり平均土地所有面積","basis","per_household"
"1世帯当たり平均土地所有面積","statistic","mean"
"1世帯当たり平均土地資産額","basis","per_household"
"1世帯当たり平均土地資産額","statistic","mean"
"1世帯当たり平均所有面積","basis","per_household"
"1世帯当たり平均所有面積","statistic","mean"
"1世帯当たり年間収入額","basis","per_household"
"1世帯当たり所有戸数","basis","per_household"
"1世帯当たり持分","basis","per_household"
"1世帯当たり現住居以外の所有住宅の延べ面積","basis","per_household"
"1世帯当たり負債現在高","basis","per_household"
"1世帯当たり貯蓄現在高","basis","per_household"
"1世帯当たり資産現在高","basis","per_household"
"1世帯当たり資産現在高・負債現在高","basis","per_household"
"1事業所当たり事業従事者数","basis","per_establishment"
"1事業所当たり付加価値額","basis","per_establishment"
"1事業所当たり従業者数","basis","per_establishment"
"1人1時間当たりの平均工賃額","statistic","mean"
"1人平均工賃月収額","statistic","mean"
"1人当たり1か月間の個人的な収入と支出","basis","per_person"
"1人当たりの1日の平均就業時間数","basis","per_person"
"1人当たりの1日の平均就業時間数","statistic","mean"
"1人当たりの報酬額","basis","per_person"
"1人当たり保険料調定額","basis","per_person"
"1人当たり保険料調定額_均等割額(軽減後)","basis","per_person"
"1人当たり保険料調定額_所得割額(軽減後)","basis","per_person"
"1人当たり保険料調定額_計","basis","per_person"
"1人当たり保険料調定額_計／1人当たり所得額","basis","per_person"
"1人当たり保険料調定額の所得に対する割合","basis","per_person"
"1人当たり保険料調定額の所得に対する割合","statistic","ratio"
"1人当たり保険料調定額の課税標準額に対する割合","basis","per_person"
"1人当たり保険料調定額の課税標準額に対する割合","statistic","ratio"
"1人当たり医療費","basis","per_person"
"1人当たり医療費の伸び率（対前年同期比）","basis","per_person"
"1人当たり医療費の伸び率（対前年同期比）","statistic","rate"
"1人当たり医療費の伸び率（対前年度比）","basis","per_person"
"1人当たり医療費の伸び率（対前年度比）","comparison","fiscal_year_over_year"
"1人当たり医療費の伸び率（対前年度比）","statistic","rate"
"1人当たり居住室の畳数","basis","per_person"
"1人当たり平均介護サービス費用額","basis","per_person"
"1人当たり平均介護サービス費用額","statistic","mean"
"1人当たり年金収入額","basis","per_person"
"1人当たり所得額","basis","per_person"
"1人当たり旧ただし書方式による課税標準額","basis","per_person"
"1人当たり調定額","basis","per_person"
"1件当たり回数の伸び率（対前年同期比）","statistic","rate"
"1件当たり平均面積","statistic","mean"
"1件当たり日数の伸び率（対前年同月比）","statistic","rate"
"1件当たり日数の伸び率（対前年同期比）","statistic","rate"
"1企業当たりの所有面積","basis","per_company"
"1企業当たりの未利用地面積","basis","per_company"
"1企業当たり付加価値額","basis","per_company"
"1企業当たり売上（収入）金額","basis","per_company"
"1住宅当たり利用率","statistic","rate"
"1入院当たり医療費の伸び率（対前年同期比）","statistic","rate"
"1回当たり医療費の伸び率（対前年同期比）","statistic","rate"
"1施設当たり医療費の伸び率（休日数等の影響補正後・対前年同期比）","statistic","rate"
"1施設当たり医療費の伸び率（対前年同期比）","statistic","rate"
"1施設当たり医療費の伸び率（対前年度比）","comparison","fiscal_year_over_year"
"1施設当たり医療費の伸び率（対前年度比）","statistic","rate"
"1施設当たり受診延日数の伸び率（対前年同期比）","statistic","rate"
"1施設当たり受診延日数の伸び率（対前年度比）","comparison","fiscal_year_over_year"
"1施設当たり受診延日数の伸び率（対前年度比）","statistic","rate"
"1施設当たり推計新規入院件数","method","estimated"
"1施設当たり推計新規入院件数の伸び率（対前年同期比）","method","estimated"
"1施設当たり推計新規入院件数の伸び率（対前年同期比）","statistic","rate"
"1日当たり医療費の伸び率（対前年同月比）","statistic","rate"
"1日当たり医療費の伸び率（対前年同期比）","statistic","rate"
"1日当たり医療費の伸び率（対前年度比）","comparison","fiscal_year_over_year"
"1日当たり医療費の伸び率（対前年度比）","statistic","rate"
"1日当たり平均稼動時間","statistic","mean"
"1社当たりの平均研究開発費","statistic","mean"
"1経営体平均収獲物の販売金額","statistic","mean"
"1経営体平均従事者数","statistic","mean"
"1経営体平均漁獲物の販売金額","statistic","mean"
"1経営体平均養殖池数","statistic","mean"
"1経営体平均養殖面積","statistic","mean"
"2005年～2010年の人口増減数","statistic","change"
"2500g未満出生割合","statistic","ratio"
"35歳未満の主に仕事をしている者の１人当たり平均所得金額","statistic","mean"
"45歳未満の主に仕事をしている者の１人当たり平均所得金額","statistic","mean"
"5年間の世帯増減数","statistic","change"
"5年間の人口増減数","statistic","change"
"60歳以上の者のいる世帯の１世帯当たり平均所得金額","statistic","mean"
"60歳定年退職者の平均支給額","statistic","mean"
"65歳以上のいる世帯数－構成割合","statistic","ratio"
"65歳以上の者のいる世帯の平均所得金額－平均世帯人員－平均有業人員","statistic","mean"
"65歳以上の者のいる世帯の１世帯当たり平均所得金額","statistic","mean"
"65歳以上の者のいる世帯数の構成割合","statistic","ratio"
"65歳以上の者のみの世帯数－構成割合","statistic","ratio"
"65歳以上の者の数の構成割合","statistic","ratio"
"65歳以上の者の数－構成割合","statistic","ratio"
"65歳以上世帯員がいる一般世帯の1世帯当たり人員","basis","per_household"
"65歳以上人口の割合","statistic","ratio"
"CI指数","statistic","index"
"DI指数","statistic","index"
"DI累積指数","statistic","index"
"「仕事量が減った」家内労働者総数に対する減少した理由別の割合","statistic","ratio"
"「健康診断を受診した」家内労働者総数に対する受診した種類別及び委託者からの指導の有無別の割合又は「健康診断を受診していない」家内労働者総数に対する受診していない理由及び委託者からの指導の有無別の割合","statistic","ratio"
"「危害防止措置を講じている」家内労働者総数に対する危害防止措置を講じている理由別の割合","statistic","ratio"
"「困っていることがある」家内労働者総数に対するその理由別の割合","statistic","ratio"
"「家内労働以外の仕事していない」家内労働者総数に対する家内労働を始める直前の状況別の割合","statistic","ratio"
"「家内労働手帳を交付されている」家内労働者総数に対する手帳の内容別割合","statistic","ratio"
"「年間推定黒字の平均値」を「年間可処分所得の平均値」で除したもの","method","estimated"
"「年間推定黒字の平均値」を「年間可処分所得の平均値」で除したもの","statistic","mean"
"「必要経費あり」の家内労働者総数に対する必要経費の区分別の割合","statistic","ratio"
"「機械・原材料を使用している」家内労働者総数に対する使用している機械・原材料の種類別の割合","statistic","ratio"
"「負傷・疾病の経験あり」の家内労働者総数に対する負傷・疾病の内容別の割合","statistic","ratio"
"【参考：後方3ヶ月平均値】建設工事費デフレーター","statistic","mean"
"あり（割合）","statistic","ratio"
"うち65歳以上世帯員がいる一般世帯の1世帯当たり人員","basis","per_household"
"うちパート・アルバイト比率","statistic","ratio"
"うち医薬品卸売販売事業営業利益_医薬品売上高に対する割合","statistic","ratio"
"うち医薬品関係営業利益_医薬品売上高に対する割合","statistic","ratio"
"きまって支給する給与に対する支給割合","statistic","ratio"
"きまって支給する給与指数","statistic","index"
"その他の耕種作物の農作業体制別集落営農数割合","statistic","ratio"
"オペレーターの年齢別割合","statistic","ratio"
"サンプルサイズ，推定世帯数","method","estimated"
"サービス平均料金","statistic","mean"
"スポット比率","statistic","ratio"
"パートタイム労働者比率","statistic","ratio"
"パート・アルバイト比率","statistic","ratio"
"ラスパイレス指数","statistic","index"
"一ヶ月平均報酬","statistic","mean"
"一人平均月間きまって支給する給与額","statistic","mean"
"一人平均月間所定内労働時間数","statistic","mean"
"一人平均月間所定内給与額","statistic","mean"
"一人平均月間所定外労働時間数","statistic","mean"
"一人平均月間所定外給与額","statistic","mean"
"一人平均月間特別給与額","statistic","mean"
"一人平均月間現金給与額","statistic","mean"
"一人平均月間総実労働時間数","statistic","mean"
"一人平均賞与支給額","statistic","mean"
"一人当たりの平均出資金額","basis","per_person"
"一人当たりの平均出資金額","statistic","mean"
"一人当たり請求額","basis","per_person"
"一人月間平均出勤日数","statistic","mean"
"一企業当たりの売却土地面積","basis","per_company"
"一企業当たりの購入土地面積","basis","per_company"
"一時金平均支給額","statistic","mean"
"一時金平均支給額の月収換算月数","statistic","mean"
"一社平均人数","statistic","mean"
"一社平均件数","statistic","mean"
"一社平均数","statistic","mean"
"一社平均金額","statistic","mean"
"一社平均額","statistic","mean"
"一般世帯に占める割合","statistic","ratio"
"一般世帯の1世帯当たり人員","basis","per_household"
"一般旅券発行比率","statistic","ratio"
"世帯の固定資産評価額平均","statistic","mean"
"世帯の家族類型別割合","statistic","ratio"
"世帯の経済構成別割合","statistic","ratio"
"世帯の総所得金額平均","statistic","mean"
"世帯主の平均年齢","statistic","mean"
"世帯人員別割合","statistic","ratio"
"世帯人員（20歳以上）１人当たり平均所得金額","statistic","mean"
"世帯人員－構成割合","statistic","ratio"
"世帯人員１人当たり平均可処分所得金額","statistic","mean"
"世帯人員１人当たり平均室数","statistic","mean"
"世帯人員１人当たり平均床面積","statistic","mean"
"世帯人員１人当たり平均所得金額","statistic","mean"
"世帯人員１人当たり平均所得金額_対前年増加率","statistic","mean"
"世帯人員１人当たり平均所得金額_対前年増加率","statistic","rate"
"世帯人員１人当たり平均所得金額_指数(普通=100)","statistic","index"
"世帯人員１人当たり平均所得金額_指数(普通=100)","statistic","mean"
"世帯員の平均年齢","statistic","mean"
"世帯数-構成割合－平均児童数","statistic","mean"
"世帯数-構成割合－平均児童数","statistic","ratio"
"世帯数の構成割合","statistic","ratio"
"世帯数割合","statistic","ratio"
"世帯数－傷病人員－１世帯当たり平均傷病人員","statistic","mean"
"世帯数－傷病者のいる世帯数－傷病人員－１世帯あたり平均傷病人員－傷病者のいない世帯数","statistic","mean"
"世帯数－受給割合－公的年金・恩給受給世帯数","statistic","ratio"
"世帯数－平均世帯人員","statistic","mean"
"世帯数－平均児童数","statistic","mean"
"世帯数－構成割合","statistic","ratio"
"世帯数－１世帯当たり平均仕送り額","statistic","mean"
"世帯数－１世帯当たり平均金額","statistic","mean"
"世帯構成_構成比","statistic","ratio"
"中央値","statistic","median"
"中央値(熱量)","statistic","median"
"主たる従事者の年齢別割合","statistic","ratio"
"主な事業の平均価格","statistic","mean"
"主な事業の平均営業日数","statistic","mean"
"主な資金の調達方法別集落営農数割合","statistic","ratio"
"主傷病及び副傷病でみた推計患者数","method","estimated"
"主傷病及び副傷病でみた推計退院患者数","method","estimated"
"乳児死亡率","statistic","rate"
"乳幼児がひとりいる世帯の１世帯当たり育児にかかった平均費用","statistic","mean"
"乳幼児のいる世帯の１世帯当たり育児にかかった平均費用","statistic","mean"
"乳幼児のいる世帯の１世帯当たり育児にかかった平均費用【万円】－平均家計支出額【万円】","statistic","mean"
"乳幼児のいる世帯の１世帯当たり育児にかかった平均費用－平均家計支出額","statistic","mean"
"乳幼児数の割合","statistic","ratio"
"乳幼児数の構成割合","statistic","ratio"
"事業場割合","statistic","ratio"
"事業従事者1人当たり付加価値額","basis","per_person"
"事業従事者数（前年比）","comparison","year_over_year"
"事業所割合","statistic","ratio"
"事業所割合（総合工事業）","statistic","ratio"
"事業所割合（総合工事調査）","statistic","ratio"
"事業所数　前回比","comparison","previous_period"
"事業所構成比","statistic","ratio"
"事業系比率","statistic","ratio"
"交代勤務制あり_小計100とした割合","statistic","ratio"
"人口10万人当たり死者数_比率","statistic","ratio"
"人口の割合","statistic","ratio"
"人口の指数","statistic","index"
"人口一人当たり・医科診療医療費","basis","per_person"
"人口一人当たり・国民医療費","basis","per_person"
"人口一人当たり・歯科診療医療費","basis","per_person"
"人口一人当たり・薬局調剤医療費","basis","per_person"
"人口割合","statistic","ratio"
"人口増加率","statistic","rate"
"人口増減数","statistic","change"
"人口密度の指数","statistic","index"
"人口構成比[労働力状態別]","statistic","ratio"
"人口構成比［年齢別］","statistic","ratio"
"人口構成比［産業別］","statistic","ratio"
"人口構成比［職業別］","statistic","ratio"
"人口構成比［配偶関係別］","statistic","ratio"
"人口集中地区人口の増減数","statistic","change"
"人口集中地区以外の地区の人口の増減数","statistic","change"
"人口集中地区以外の地区の面積の増減数","statistic","change"
"人口集中地区面積の増減数","statistic","change"
"人口１０万対１日平均在院患者数","statistic","mean"
"人口１０万対１日平均外来患者数","statistic","mean"
"人口１０万対１日平均新入院患者数","statistic","mean"
"人口１０万対１日平均退院患者数","statistic","mean"
"人工死産の占める割合","statistic","ratio"
"人数割合","statistic","ratio"
"人月の伸び率","statistic","rate"
"今年度計画額構成比","statistic","ratio"
"今後取り組む予定の事業内容別集落営農数割合","statistic","ratio"
"今後取り組む予定の活動内容別集落営農数割合","statistic","ratio"
"仕事ありの世帯の割合","statistic","ratio"
"仕事ありの者がいる世帯の割合","statistic","ratio"
"仕入れ先・販売先の構成比","statistic","ratio"
"仕向別割合","statistic","ratio"
"仕送りをしている世帯数－１世帯当たり平均仕送り額","statistic","mean"
"他の年金の平均年額","statistic","mean"
"付保割合","statistic","ratio"
"付加価値額　前年比","comparison","year_over_year"
"代表者の年齢別集落営農数割合","statistic","ratio"
"件数_対前年度比","comparison","fiscal_year_over_year"
"件数_平均","statistic","mean"
"企業割合","statistic","ratio"
"企業年金・個人年金等掛金のある世帯の１世帯当たり平均企業年金・個人年金等掛金額","statistic","mean"
"企業年金・個人年金等掛金のある世帯数の割合","statistic","ratio"
"企業年金種類割合","statistic","ratio"
"企業数、平均年収","statistic","mean"
"企業数、構成比","statistic","ratio"
"企業数、番組本数、構成比","statistic","ratio"
"企業数、金額、構成比","statistic","ratio"
"企業数・構成比","statistic","ratio"
"企業数割合","statistic","ratio"
"伸び率","statistic","rate"
"住宅の建て方別割合","statistic","ratio"
"住宅の所有の関係別割合","statistic","ratio"
"作況指数","statistic","index"
"使用予定割合","statistic","ratio"
"使用割合","statistic","ratio"
"保有事業所平均（従業者百人当たり）","statistic","mean"
"保有割合","statistic","ratio"
"保険料月額平均","statistic","mean"
"傷病人員の割合","statistic","ratio"
"傷病者のいる世帯の割合","statistic","ratio"
"傷病者のいる世帯の１世帯当たり平均傷病人員","statistic","mean"
"元請比率","statistic","ratio"
"児童のいる世帯の平均児童数","statistic","mean"
"児童のいる世帯の平均所得金額－平均世帯人員－平均有業人員－平均児童数","statistic","mean"
"児童のいる世帯の有業人員1人当たり平均稼働所得金額","basis","per_person"
"児童のいる世帯の有業人員1人当たり平均稼働所得金額","statistic","mean"
"児童のいる世帯の有業人員１人当たり平均稼働所得金額","statistic","mean"
"児童のいる世帯の１世帯当たり平均所得金額","statistic","mean"
"児童のいる世帯の１世帯当たり平均所得金額－構成割合","statistic","mean"
"児童のいる世帯の１世帯当たり平均所得金額－構成割合","statistic","ratio"
"児童のいる世帯数－児童のいる世帯の平均児童数","statistic","mean"
"児童のいる世帯数－平均児童数","statistic","mean"
"児童・家族関係給付費(対前年度伸び率)","statistic","rate"
"児童・家族関係給付費(給付費に占める割合)","statistic","ratio"
"入職・離職者構成比","statistic","ratio"
"入職率","statistic","rate"
"入職者構成比","statistic","ratio"
"入院外日数の割合","statistic","ratio"
"入院者のいる世帯の割合","statistic","ratio"
"全世帯に占める割合","statistic","ratio"
"全世帯に占める高齢者世帯の割合","statistic","ratio"
"全世帯の平均児童数","statistic","mean"
"全世帯の平均所得金額を１００としたときの指数","statistic","index"
"全世帯の平均所得金額を１００としたときの指数","statistic","mean"
"全世帯指数(昭和50年=100)","statistic","index"
"全世帯指数（昭和５０年＝１００）","statistic","index"
"全世帯推計数","method","estimated"
"全体に占める割合","statistic","ratio"
"全体に占める割合（「無回答」を除く）","statistic","ratio"
"全体の割合","statistic","ratio"
"全国に占める割合","statistic","ratio"
"全域に占める人口集中地区の割合（人口）","statistic","ratio"
"全域に占める人口集中地区の割合（面積）","statistic","ratio"
"全域に占める人口集中地区以外の地区の割合（人口）","statistic","ratio"
"全域に占める人口集中地区以外の地区の割合（面積）","statistic","ratio"
"全死産中妊娠満22週以後の死産の占める割合","statistic","ratio"
"全発電量に占める割合","statistic","ratio"
"全退職者の平均支給額","statistic","mean"
"公債費比率","statistic","ratio"
"公営企業を除く公営事業会計_予算で定めた一時借入金の借入れの最高額_当年度当初予算_標財規模に占める割合","statistic","ratio"
"公営企業を除く公営事業会計_予算で定めた一時借入金の借入れの最高額_当年度当初予算_歳入合計に占める割合","statistic","ratio"
"公営企業を除く公営事業会計_予算で定めた一時借入金の借入れの最高額_当年度最終予算_標財規模に占める割合","statistic","ratio"
"公営企業を除く公営事業会計_予算で定めた一時借入金の借入れの最高額_当年度最終予算_歳入合計に占める割合","statistic","ratio"
"公営企業を除く公営事業会計_借入金残高のピーク_標財規模に占める割合","statistic","ratio"
"公営企業を除く公営事業会計_借入金残高のピーク_歳入合計に占める割合","statistic","ratio"
"公的年金-恩給を受給している高齢者世帯数の構成割合","statistic","ratio"
"公的年金-恩給受給者のいる世帯の割合","statistic","ratio"
"公的年金-恩給受給者のいる世帯の１世帯当たり平均所得金額","statistic","mean"
"公的年金・恩給受給者数－受給割合","statistic","ratio"
"公的年金－恩給を受給している高齢者世帯数の構成割合","statistic","ratio"
"公的年金－恩給受給者のいる世帯の１世帯当たり平均所得金額","statistic","mean"
"再来患者の平均診療間隔","statistic","mean"
"再来患者の平均診療間隔の年次推移","statistic","mean"
"再来患者の平均診療間隔（患者住所地）","statistic","mean"
"出来高(前年度比)","comparison","fiscal_year_over_year"
"出来高(前年比)","comparison","year_over_year"
"出来高(対前年同期比：伸び率と寄与度)","statistic","rate"
"出生数に対する割合","statistic","ratio"
"出生時の平均体重","statistic","mean"
"出生率","statistic","rate"
"出荷羽数割合","statistic","ratio"
"出資金一口の平均金額","statistic","mean"
"分譲に占める割合","statistic","ratio"
"利用予定時期の状況合計未利用のたな卸資産面積に対する未利用のたな卸資産面積の割合","statistic","ratio"
"利用予定時期の状況合計未利用地面積に対する未利用地面積の割合","statistic","ratio"
"利用予定時期別未利用のたな卸資産面積に対する未利用のたな卸資産面積の割合","statistic","ratio"
"利用予定時期別未利用地面積に対する未利用地面積の割合","statistic","ratio"
"利用交通手段別割合","statistic","ratio"
"前々年度実績額構成比","statistic","ratio"
"前婚解消後から再婚までの平均期間","statistic","mean"
"前年同月比（伸び率）","statistic","rate"
"前年同期比（伸び率）","statistic","rate"
"前年度実績見込額構成比","statistic","ratio"
"前年度比","comparison","fiscal_year_over_year"
"前年度比(トン)","comparison","fiscal_year_over_year"
"前年度比(トンキロ)","comparison","fiscal_year_over_year"
"前年度比増減率","comparison","fiscal_year_over_year"
"前年度比増減率（既存店）","comparison","fiscal_year_over_year"
"前年度比（伸び率）","comparison","fiscal_year_over_year"
"前年度比（伸び率）","statistic","rate"
"前年比","comparison","year_over_year"
"前年比増減率","comparison","year_over_year"
"前年比増減率（既存店）","comparison","year_over_year"
"前年比（伸び率）","comparison","year_over_year"
"前年比（伸び率）","statistic","rate"
"前年比（総トン数）","comparison","year_over_year"
"前年比（隻数）","comparison","year_over_year"
"前月比","comparison","previous_period"
"前月比・前年比・前年度比","comparison","fiscal_year_over_year"
"前月比・前年比・前年度比","comparison","previous_period"
"前月比・前年比・前年度比","comparison","year_over_year"
"前期比","comparison","previous_period"
"前期比・年率","comparison","previous_period"
"副業の平均週間就業時間","statistic","mean"
"副業者比率","statistic","ratio"
"割合","statistic","ratio"
"割合(企業数)","statistic","ratio"
"割合(面積)","statistic","ratio"
"割合-1","statistic","ratio"
"割合-2","statistic","ratio"
"割合（建物延べ床面積）","statistic","ratio"
"割合（資産額）","statistic","ratio"
"加入者割合","statistic","ratio"
"加入者数の伸び率（対前年同期比）","statistic","rate"
"労働力状態別割合","statistic","ratio"
"労働時間の変化の状況別集落営農数割合","statistic","ratio"
"労働時間の対前年増減別集落営農数割合","statistic","ratio"
"労働時間指数（所定内労働時間）","statistic","index"
"労働時間指数（所定内労働時間）（前年比）","comparison","year_over_year"
"労働時間指数（所定内労働時間）（前年比）","statistic","index"
"労働時間指数（所定外労働時間）","statistic","index"
"労働時間指数（所定外労働時間）（前年比）","comparison","year_over_year"
"労働時間指数（所定外労働時間）（前年比）","statistic","index"
"労働時間指数（総実労働時間）","statistic","index"
"労働時間指数（総実労働時間）（前年比）","comparison","year_over_year"
"労働時間指数（総実労働時間）（前年比）","statistic","index"
"労働者割合","statistic","ratio"
"労務費率（加重平均）","statistic","mean"
"労務費率（単純平均）","statistic","mean"
"医療機器売上高_一社平均","statistic","mean"
"医療機器売上高_総額_比率","statistic","ratio"
"医療用医薬品売上高_うち後発医薬品_構成比","statistic","ratio"
"医療用医薬品売上高_構成比","statistic","ratio"
"医療用医薬品売上高に占める割合","statistic","ratio"
"医療用医薬品販売先数_うち後発医薬品_構成比","statistic","ratio"
"医療用医薬品販売先数_構成比","statistic","ratio"
"医療費の伸び率（休日数等の影響補正後・対前年同期比）","statistic","rate"
"医療費の伸び率（対前年同期比）","statistic","rate"
"医療費の伸び率（対前年度比）","comparison","fiscal_year_over_year"
"医療費の伸び率（対前年度比）","statistic","rate"
"医療費の構成割合","statistic","ratio"
"医療費総額の伸び率（休日数等の影響補正後・対前年同期比）","statistic","rate"
"医療費総額の伸び率（対前年同月比）","statistic","rate"
"医療費総額の伸び率（対前年同期比）","statistic","rate"
"医科診療医療費構成割合","statistic","ratio"
"医薬品売上高_医療用_比率","statistic","ratio"
"医薬品売上高_総額_比率","statistic","ratio"
"医薬品売上高_自社製品_比率","statistic","ratio"
"医薬品売上高に占める割合","statistic","ratio"
"単位当たり共済金額（最大値）","statistic","max"
"単位当たり共済金額（最小値）","statistic","min"
"卸売数量に占める割合","statistic","ratio"
"原指数","statistic","index"
"原材料使用額等　前年比","comparison","year_over_year"
"参考_共済掛金額の状況（一人当たり年額）_その他","basis","per_person"
"参考_共済掛金額の状況（一人当たり年額）_一般加入者","basis","per_person"
"参考_共済掛金額の状況（一人当たり年額）_小・中学校児童・生徒","basis","per_person"
"参考_共済掛金額の状況（一人当たり年額）_生活保護法適用者","basis","per_person"
"参考_職員数_開催平均臨時職員","statistic","mean"
"取扱企業数_構成比","statistic","ratio"
"取組状況別集落営農数割合","statistic","ratio"
"受付回数の伸び率（対前年同期比）","statistic","rate"
"受給割合","statistic","ratio"
"受診延日数の伸び率（対前年同月比）","statistic","rate"
"受診延日数の伸び率（対前年同期比）","statistic","rate"
"受診延日数の伸び率（対前年度比）","comparison","fiscal_year_over_year"
"受診延日数の伸び率（対前年度比）","statistic","rate"
"受診延日数の構成割合","statistic","ratio"
"受診率","statistic","rate"
"各収入等の平均月額","statistic","mean"
"合計特殊出生率","statistic","rate"
"合計（全国）に占める割合","statistic","ratio"
"名目GDPに対する比率","statistic","ratio"
"周産期死亡率","statistic","rate"
"営業利益_医薬品売上高に対する割合","statistic","ratio"
"回収数・回収率","statistic","rate"
"回収率","statistic","rate"
"回答企業数_構成比","statistic","ratio"
"回答割合","statistic","ratio"
"回答店数に占める割合","statistic","ratio"
"回答店数に占める割合（「無回答」を除く）","statistic","ratio"
"回答数割合","statistic","ratio"
"回答構成比","statistic","ratio"
"回答率","statistic","rate"
"回答率（割合）","statistic","rate"
"回答率（割合）","statistic","ratio"
"回答者全員に占める割合","statistic","ratio"
"回答者構成比","statistic","ratio"
"国内投資目的別構成比","statistic","ratio"
"国民医療費構成割合","statistic","ratio"
"在学か否かの別・最終卒業学校の種類別割合","statistic","ratio"
"在学者・国民一人当たり地方教育費の推移","basis","per_person"
"在学者・国民一人当たり経費","basis","per_person"
"在院期間別推計退院患者数構成割合（累積）","method","estimated"
"在院期間別推計退院患者数構成割合（累積）","statistic","ratio"
"地域割合","statistic","ratio"
"地域差指数（全国平均＝100）フィッシャー類似算式","statistic","index"
"地域差指数（全国平均＝100）フィッシャー類似算式","statistic","mean"
"地域差指数（全国平均＝100）平成9年型算式","statistic","index"
"地域差指数（全国平均＝100）平成9年型算式","statistic","mean"
"地域差指数（都道府県平均＝100）フィッシャー類似算式","statistic","index"
"地域差指数（都道府県平均＝100）フィッシャー類似算式","statistic","mean"
"地域差指数（都道府県平均＝100）平成9年型算式","statistic","index"
"地域差指数（都道府県平均＝100）平成9年型算式","statistic","mean"
"地域手当補正後ラスパイレス指数","statistic","index"
"地域手当補正後ラスパイレス指数参考値","statistic","index"
"基準財政需要額に対する実支出額の比率","statistic","ratio"
"基礎的所得の割合が１００％の世帯数の全世帯に占める割合","statistic","ratio"
"増加率","statistic","rate"
"増減数","statistic","change"
"売上原価比率","statistic","ratio"
"売上高に対する割合","statistic","ratio"
"売上高に対する研究開発費の割合","statistic","ratio"
"売上高・一社平均金額","statistic","mean"
"売上高・構成比","statistic","ratio"
"売上高減価償却費比率","statistic","ratio"
"売上高研究開発費比率","statistic","ratio"
"売上高給与費比率","statistic","ratio"
"売上高荷造運搬費比率","statistic","ratio"
"売上高設備投資比率","statistic","ratio"
"売上高販管費比率","statistic","ratio"
"売上高賃借料比率","statistic","ratio"
"夫の平均初婚年齢","statistic","mean"
"夫の平均婚姻年齢","statistic","mean"
"夫の平均年齢","statistic","mean"
"夫の平均片道通勤時間","statistic","mean"
"夫の１日の平均就業時間","statistic","mean"
"夫妻の平均年齢差","statistic","mean"
"夫婦ともに60歳以上－65歳以上の夫婦組数－構成割合","statistic","ratio"
"女性有業者の１日の平均就業時間","statistic","mean"
"女親の平均年齢","statistic","mean"
"妻の平均初婚年齢","statistic","mean"
"妻の平均婚姻年齢","statistic","mean"
"妻の平均年齢","statistic","mean"
"妻の平均片道通勤時間","statistic","mean"
"妻の１日の平均就業時間","statistic","mean"
"委託比率","statistic","ratio"
"委託者数の割合","statistic","ratio"
"委託者数の割合（構成比）","statistic","ratio"
"委託者数の割合（累積度数）","statistic","ratio"
"婚姻件数割合","statistic","ratio"
"嫡出出生率","statistic","rate"
"嫡出周産期死亡率","statistic","rate"
"子供の平均年齢","statistic","mean"
"季節調整値前月比","comparison","previous_period"
"季節調整済労働時間指数（所定外労働時間）","statistic","index"
"季節調整済労働時間指数（所定外労働時間）（前期比）","comparison","previous_period"
"季節調整済労働時間指数（所定外労働時間）（前期比）","statistic","index"
"季節調整済労働時間指数（総実労働時間）","statistic","index"
"季節調整済労働時間指数（総実労働時間）（前期比）","comparison","previous_period"
"季節調整済労働時間指数（総実労働時間）（前期比）","statistic","index"
"季節調整済常用雇用指数","statistic","index"
"季節調整済常用雇用指数（前期比）","comparison","previous_period"
"季節調整済常用雇用指数（前期比）","statistic","index"
"季節調整済指数","statistic","index"
"季節調整済賃金指数（きまって支給する給与）","statistic","index"
"季節調整済賃金指数（きまって支給する給与）（前期比）","comparison","previous_period"
"季節調整済賃金指数（きまって支給する給与）（前期比）","statistic","index"
"季節調整済賃金指数（実質賃金指数）（現金給与総額）","statistic","index"
"季節調整済賃金指数（実質賃金指数）（現金給与総額）（前期比）","comparison","previous_period"
"季節調整済賃金指数（実質賃金指数）（現金給与総額）（前期比）","statistic","index"
"季節調整済賃金指数（現金給与総額）","statistic","index"
"季節調整済賃金指数（現金給与総額）（前期比）","comparison","previous_period"
"季節調整済賃金指数（現金給与総額）（前期比）","statistic","index"
"定員稼働率","statistic","rate"
"定昇額に回答があった企業の常用労働者数の割合","statistic","ratio"
"実在者平均所定内賃金","statistic","mean"
"実行単収の平均","statistic","mean"
"実質公債費比率（単年度）","statistic","ratio"
"実質公債費比率（３カ年平均）","statistic","mean"
"実質公債費比率（３カ年平均）","statistic","ratio"
"実質賃金指数（きまって支給する給与）","statistic","index"
"実質賃金指数（きまって支給する給与）（前年比）","comparison","year_over_year"
"実質賃金指数（きまって支給する給与）（前年比）","statistic","index"
"実質賃金指数（現金給与総額）","statistic","index"
"実質賃金指数（現金給与総額）（前年比）","comparison","year_over_year"
"実質賃金指数（現金給与総額）（前年比）","statistic","index"
"客室稼働率","statistic","rate"
"家内労働者の割合","statistic","ratio"
"家内労働者数の割合","statistic","ratio"
"家計の収入の種類別割合","statistic","ratio"
"対前年同期増加率","statistic","rate"
"対前年増加率","statistic","rate"
"対前年増減額","statistic","change"
"対前年差","statistic","change"
"対前年度伸び率","statistic","rate"
"対前年度増加率","statistic","rate"
"対前年度増減割合","statistic","ratio"
"対前年度比","comparison","fiscal_year_over_year"
"対前年比","comparison","year_over_year"
"対前期増加率","statistic","rate"
"小規模事業者分の比率","statistic","ratio"
"就業希望者比率","statistic","ratio"
"就業時間別割合","statistic","ratio"
"就業者に対する割合","statistic","ratio"
"居住期間別割合","statistic","ratio"
"工場別割合","statistic","ratio"
"市部人口の割合","statistic","ratio"
"市部，郡部別割合","statistic","ratio"
"常用労働者年間月平均数(従業者30人以上)","statistic","mean"
"常用雇用指数","statistic","index"
"常用雇用指数（前年比）","comparison","year_over_year"
"常用雇用指数（前年比）","statistic","index"
"平均","statistic","mean"
"平均API度","statistic","mean"
"平均トン数","statistic","mean"
"平均ユニット数","statistic","mean"
"平均世帯人員","statistic","mean"
"平均世帯人員（10歳以上）","statistic","mean"
"平均世帯人員（10歳未満を含む)","statistic","mean"
"平均世帯人員（10歳未満を含む）","statistic","mean"
"平均交替手当支給額","statistic","mean"
"平均人数","statistic","mean"
"平均付保割合","statistic","mean"
"平均付保割合","statistic","ratio"
"平均件数","statistic","mean"
"平均企業数","statistic","mean"
"平均休日日数","statistic","mean"
"平均住宅手当支給額","statistic","mean"
"平均体重","statistic","mean"
"平均余命(ex)","statistic","mean"
"平均使用期間","statistic","mean"
"平均価格","statistic","mean"
"平均価格（算術平均）","statistic","mean"
"平均価格（調和平均）","statistic","mean"
"平均保有台数","statistic","mean"
"平均値","statistic","mean"
"平均値(全国補正値)","statistic","mean"
"平均値(熱量)","statistic","mean"
"平均値・標準偏差","statistic","mean"
"平均傷病数","statistic","mean"
"平均児童数","statistic","mean"
"平均利用個数","statistic","mean"
"平均利用台数","statistic","mean"
"平均利用回数","statistic","mean"
"平均利用時間","statistic","mean"
"平均利用者数","statistic","mean"
"平均利用通数","statistic","mean"
"平均割合","statistic","mean"
"平均割合","statistic","ratio"
"平均加入回線数","statistic","mean"
"平均勤務年数","statistic","mean"
"平均勤務年数・平均週教科等担任授業時数・平均給料月額","statistic","mean"
"平均勤続年数","statistic","mean"
"平均受注額","statistic","mean"
"平均同居期間","statistic","mean"
"平均回答数割合","statistic","mean"
"平均回答数割合","statistic","ratio"
"平均国庫負担率","statistic","mean"
"平均在院日数","statistic","mean"
"平均地価","statistic","mean"
"平均地域区分数","statistic","mean"
"平均地域（都市）手当支給率","statistic","mean"
"平均地域（都市）手当支給額","statistic","mean"
"平均妥結額","statistic","mean"
"平均婚姻年齢","statistic","mean"
"平均家族手当支給額","statistic","mean"
"平均家計支出額","statistic","mean"
"平均対象月数","statistic","mean"
"平均就業日数","statistic","mean"
"平均就業時間","statistic","mean"
"平均就業期間","statistic","mean"
"平均工期","statistic","mean"
"平均年金額","statistic","mean"
"平均年間就業時間","statistic","mean"
"平均年間所定労働時間（分）","statistic","mean"
"平均年間所定労働時間（時間）","statistic","mean"
"平均年間稼動日数","statistic","mean"
"平均年齢","statistic","mean"
"平均年齢・平均週教科担当授業時数・平均給料月額","statistic","mean"
"平均必要経費額","statistic","mean"
"平均感染回数","statistic","mean"
"平均所定労働時間（分）","statistic","mean"
"平均所定労働時間（時間）","statistic","mean"
"平均所得金額","statistic","mean"
"平均所得金額以下の世帯の割合","statistic","mean"
"平均所得金額以下の世帯の割合","statistic","ratio"
"平均所得金額－平均世帯人員","statistic","mean"
"平均所得金額－平均世帯人員－平均有業人員","statistic","mean"
"平均所得金額－平均有業人員","statistic","mean"
"平均所得（年額）","statistic","mean"
"平均所要勤続年月数（年）","statistic","mean"
"平均所要勤続年月数（月）","statistic","mean"
"平均技能、技術（資格）手当支給額","statistic","mean"
"平均敷地面積","statistic","mean"
"平均料金","statistic","mean"
"平均日数","statistic","mean"
"平均時刻","statistic","mean"
"平均月間就業日数","statistic","mean"
"平均月間就業時間","statistic","mean"
"平均月額","statistic","mean"
"平均有業人員","statistic","mean"
"平均有業人員－平均世帯人員－有業率","statistic","mean"
"平均有業親族世帯人員","statistic","mean"
"平均標準報酬月額","statistic","mean"
"平均標準報酬月額（実報報酬ベース）","statistic","mean"
"平均標準賞与額","statistic","mean"
"平均標準賞与額（任意継続分を除く）","statistic","mean"
"平均標準賞与額（任意継続分・特例退職分を除く）","statistic","mean"
"平均標準賞与額（疾病任意継続分を除く）","statistic","mean"
"平均残価率","statistic","mean"
"平均比率","statistic","mean"
"平均比率","statistic","ratio"
"平均泊数","statistic","mean"
"平均片道通勤時間","statistic","mean"
"平均生活費月額","statistic","mean"
"平均病床数","statistic","mean"
"平均症状数","statistic","mean"
"平均硫黄分","statistic","mean"
"平均等価可処分所得金額","statistic","mean"
"平均等価所得（年額）","statistic","mean"
"平均納付月数","statistic","mean"
"平均累積支給率","statistic","mean"
"平均経験年数","statistic","mean"
"平均結婚期間","statistic","mean"
"平均給与","statistic","mean"
"平均給与月額(国比較ベース）","statistic","mean"
"平均給与月額（国ベース）","statistic","mean"
"平均給与月額Ａ ＋ Ｂ","statistic","mean"
"平均給与月額Ａ＋Ｂ","statistic","mean"
"平均給与額","statistic","mean"
"平均給与（乙欄適用者を除く）","statistic","mean"
"平均給付額","statistic","mean"
"平均給料年（度）額","statistic","mean"
"平均給料月額","statistic","mean"
"平均給料月額（出納長）","statistic","mean"
"平均給料月額（副市区町村長）","statistic","mean"
"平均給料月額（副市長）","statistic","mean"
"平均給料月額（副知事）","statistic","mean"
"平均給料月額（収入役）","statistic","mean"
"平均給料月額（市区町村長）","statistic","mean"
"平均給料月額（市長）","statistic","mean"
"平均給料月額（知事）","statistic","mean"
"平均給料月額Ａ","statistic","mean"
"平均継続就業期間","statistic","mean"
"平均総報酬額","statistic","mean"
"平均総報酬額（標報実報酬額ベース）","statistic","mean"
"平均行動日数","statistic","mean"
"平均要求額","statistic","mean"
"平均親族世帯人員","statistic","mean"
"平均費用","statistic","mean"
"平均賃金改定率","statistic","mean"
"平均購入金額","statistic","mean"
"平均身長","statistic","mean"
"平均農家数","statistic","mean"
"平均退職金額","statistic","mean"
"平均週担当授業時数","statistic","mean"
"平均週教科担当授業時数","statistic","mean"
"平均週教科等担任授業時数","statistic","mean"
"平均週間就業時間","statistic","mean"
"平均金額","statistic","mean"
"平均限度日数","statistic","mean"
"平均除却額","statistic","mean"
"平均隻数","statistic","mean"
"平成17年～22年の人口増減数","statistic","change"
"平成22年～27年の世帯数増減数","statistic","change"
"平成22年～27年の人口増減数","statistic","change"
"年少人口の割合","statistic","ratio"
"年少人口指数","statistic","index"
"年次有給休暇の平均付与日数","statistic","mean"
"年次有給休暇の平均最高付与日数","statistic","mean"
"年間休日総数（平均）","statistic","mean"
"年間可処分所得に対する負債の割合の中位数（負債保有世帯）","statistic","ratio"
"年間可処分所得の平均値","statistic","mean"
"年間商品販売額_構成比","statistic","ratio"
"年間商品販売額　構成比","statistic","ratio"
"年間売上高（前年比）","comparison","year_over_year"
"年間推定黒字の平均値","method","estimated"
"年間推定黒字の平均値","statistic","mean"
"年間推定黒字率の平均値","method","estimated"
"年間推定黒字率の平均値","statistic","mean"
"年間月平均給与所得者数","statistic","mean"
"年齢・男女別割合","statistic","ratio"
"年齢別オペレーター数割合","statistic","ratio"
"年齢別主たる従事者数割合","statistic","ratio"
"年齢別出生率","statistic","rate"
"年齢別割合","statistic","ratio"
"年齢構造指数","statistic","index"
"年齢調整死亡率","statistic","rate"
"年齢，男女別割合","statistic","ratio"
"幼児数の割合","statistic","ratio"
"広告収入額・一社平均額","statistic","mean"
"店舗全体の粗利益に占めるたばこの粗利益の割合","statistic","ratio"
"店舗数（前年度比増減率）","comparison","fiscal_year_over_year"
"店舗数（前年比増減率）","comparison","year_over_year"
"延べ面積別割合","statistic","ratio"
"当該個人年金掛金のある世帯の割合","statistic","ratio"
"当該個人年金掛金のある世帯の１世帯当たり平均個人年金掛金額","statistic","mean"
"当該所得のある世帯の１世帯当たり平均所得金額","statistic","mean"
"当該所得のある世帯数の構成割合","statistic","ratio"
"当該所得のある世帯数の構成割合【％】","statistic","ratio"
"当該所得のある１世帯当たり平均所得金額","statistic","mean"
"当該拠出金等のある世帯の１世帯当たり平均金額","statistic","mean"
"当該拠出金等のある世帯数の割合","statistic","ratio"
"当該拠出金等のある１世帯当たり平均金額","statistic","mean"
"当該部門比率","statistic","ratio"
"役員以外の雇用者（15歳以上）１人当たり平均所得金額","statistic","mean"
"役員以外の雇用者（１５歳以上）１人当たり平均所得金額","statistic","mean"
"後発医薬品備蓄割合","statistic","ratio"
"後発医薬品調剤割合","statistic","ratio"
"従属人口指数","statistic","index"
"従業上の地位別割合","statistic","ratio"
"従業員数割合","statistic","ratio"
"従業地・通学地別割合","statistic","ratio"
"従業者数　前回比","comparison","previous_period"
"得点合計の比率","statistic","ratio"
"性別年齢構成別オペレーター人数割合","statistic","ratio"
"性別年齢構成別主たる従事者数割合","statistic","ratio"
"患者1人当たり医療費","basis","per_person"
"患者割合","statistic","ratio"
"成鶏めす飼養羽数別構成比","statistic","ratio"
"所定内労働時間指数","statistic","index"
"所定内給与に対する支給割合","statistic","ratio"
"所定内給与指数","statistic","index"
"所定外労働時間指数","statistic","index"
"所得を有する被保険者数の割合","statistic","ratio"
"所得五分位値-中央値","statistic","median"
"所得五分位値－中央値","statistic","median"
"所有面積に対する未利用地面積の割合","statistic","ratio"
"持代(歩)数1.0の乗組員1人1か月平均報酬額その他の手当","statistic","mean"
"持代(歩)数1.0の乗組員1人1か月平均報酬額合計","statistic","mean"
"持代(歩)数1.0の乗組員1人1か月平均報酬額基本給(給料)","statistic","mean"
"持代(歩)数1.0の乗組員1人1か月平均報酬額歩合給","statistic","mean"
"持代(歩)数1.0の乗組員1人1か月平均報酬額特別に支払われた給与(報酬)","statistic","mean"
"持代(歩)数1.0の乗組員1人1か月平均報酬額航海日当","statistic","mean"
"持代(歩)数1.0の乗組員1人1か月平均報酬額計","statistic","mean"
"指数","statistic","index"
"指数(1973年＝100)","statistic","index"
"指数(1980年＝100)","statistic","index"
"指数(平成10年=100)","statistic","index"
"指数(平成11年=100)","statistic","index"
"指数(平成12年=100)","statistic","index"
"指数(平成12年平均＝100)","statistic","index"
"指数(平成12年平均＝100)","statistic","mean"
"指数(平成13年=100)","statistic","index"
"指数(平成14年=100)","statistic","index"
"指数(平成15年=100)","statistic","index"
"指数(平成16年=100)","statistic","index"
"指数(平成17年=100)","statistic","index"
"指数(平成17年平均＝100)","statistic","index"
"指数(平成17年平均＝100)","statistic","mean"
"指数(平成18年=100)","statistic","index"
"指数(平成19年=100)","statistic","index"
"指数(平成20年=100)","statistic","index"
"指数(平成21年=100)","statistic","index"
"指数(平成22年=100)","statistic","index"
"指数(平成22年平均＝100)","statistic","index"
"指数(平成22年平均＝100)","statistic","mean"
"指数(平成23年=100)","statistic","index"
"指数(平成3年=100)","statistic","index"
"指数(平成4年=100)","statistic","index"
"指数(平成5年=100)","statistic","index"
"指数(平成6年=100)","statistic","index"
"指数(平成7年=100)","statistic","index"
"指数(平成8年=100)","statistic","index"
"指数(平成9年=100)","statistic","index"
"指数（平成13年4月=100.0)","statistic","index"
"指数（平成14年4月=100.0)","statistic","index"
"指数（平成15年4月=100.0)","statistic","index"
"指数（平成16年4月=100.0)","statistic","index"
"指数（平成17年4月=100.0)","statistic","index"
"指数（平成18年4月=100.0)","statistic","index"
"指数（平成19年9月=100.0)","statistic","index"
"指数（平成20年9月=100.0)","statistic","index"
"指数（平成21年4月=100.0)","statistic","index"
"指数（平成22年4月=100.0)","statistic","index"
"指数（平成23年4月=100.0)","statistic","index"
"指数（平成24年4月=100.0)","statistic","index"
"指数（平成25年4月=100.0)","statistic","index"
"指数（平成26年4月=100.0)","statistic","index"
"指数（平成27年4月=100.0)","statistic","index"
"指数（平成28年4月=100.0)","statistic","index"
"指数（総トン数）","statistic","index"
"指数（隻数）","statistic","index"
"推定世帯数","method","estimated"
"推定人口","method","estimated"
"推定人口，構成比","method","estimated"
"推定人口，構成比","statistic","ratio"
"推定保有台数","method","estimated"
"推定値の標準誤差率","method","estimated"
"推計1入院当たり医療費","method","estimated"
"推計1入院当たり医療費（対前年同期比）","method","estimated"
"推計事業所数","method","estimated"
"推計入院患者数","method","estimated"
"推計入院患者数【千人】・構成割合【％】","method","estimated"
"推計入院患者数【千人】・構成割合【％】","statistic","ratio"
"推計入院患者数の構成割合（患者住所地）","method","estimated"
"推計入院患者数の構成割合（患者住所地）","statistic","ratio"
"推計入院患者数・構成割合","method","estimated"
"推計入院患者数・構成割合","statistic","ratio"
"推計入院患者数（患者住所地）","method","estimated"
"推計入院患者数（施設所在地）","method","estimated"
"推計再来外来患者数","method","estimated"
"推計外来患者数","method","estimated"
"推計外来患者数（患者住所地）","method","estimated"
"推計家計費","method","estimated"
"推計平均在院日数","method","estimated"
"推計平均在院日数","statistic","mean"
"推計平均在院日数の伸び率（対前年同期比）","method","estimated"
"推計平均在院日数の伸び率（対前年同期比）","statistic","mean"
"推計平均在院日数の伸び率（対前年同期比）","statistic","rate"
"推計平均在院日数（対前年同期比）","method","estimated"
"推計平均在院日数（対前年同期比）","statistic","mean"
"推計患者数","method","estimated"
"推計患者数、推計流入患者数・割合（施設所在地）","method","estimated"
"推計患者数、推計流入患者数・割合（施設所在地）","statistic","ratio"
"推計患者数、推計流出患者数・割合（患者住所地）","method","estimated"
"推計患者数、推計流出患者数・割合（患者住所地）","statistic","ratio"
"推計患者数の年次推移","method","estimated"
"推計患者数・再来患者の平均診療間隔","method","estimated"
"推計患者数・再来患者の平均診療間隔","statistic","mean"
"推計患者数・構成割合","method","estimated"
"推計患者数・構成割合","statistic","ratio"
"推計患者数（外傷）","method","estimated"
"推計患者数（患者住所地）","method","estimated"
"推計患者数（患者住所地）、推計流出患者数・割合","method","estimated"
"推計患者数（患者住所地）、推計流出患者数・割合","statistic","ratio"
"推計患者数（慢性肝炎・肝硬変・肝及び肝内胆管の悪性新生物）","method","estimated"
"推計患者数（施設所在地）","method","estimated"
"推計患者数（施設所在地）、推計流入患者数・割合","method","estimated"
"推計患者数（施設所在地）、推計流入患者数・割合","statistic","ratio"
"推計数","method","estimated"
"推計新規入院件数","method","estimated"
"推計新規入院件数の伸び率（対前年同期比）","method","estimated"
"推計新規入院件数の伸び率（対前年同期比）","statistic","rate"
"推計新規入院件数（対前年同期比）","method","estimated"
"推計退院患者数","method","estimated"
"推計退院患者数、中央値","method","estimated"
"推計退院患者数、中央値","statistic","median"
"推計退院患者数の構成割合（患者住所地）","method","estimated"
"推計退院患者数の構成割合（患者住所地）","statistic","ratio"
"推計退院患者数の構成割合（施設所在地）","method","estimated"
"推計退院患者数の構成割合（施設所在地）","statistic","ratio"
"推計退院患者数・構成割合（施設所在地）","method","estimated"
"推計退院患者数・構成割合（施設所在地）","statistic","ratio"
"推計退院患者数（外傷）","method","estimated"
"推計退院患者数（患者住所地）","method","estimated"
"推計退院患者数（慢性肝炎・肝硬変・肝及び肝内胆管の悪性新生物）","method","estimated"
"推計退院患者数（施設所在地）","method","estimated"
"損益差額（中央値）","statistic","median"
"損益差額（平均値）","statistic","mean"
"損益率（中央値）","statistic","median"
"損益率（平均値）","statistic","mean"
"支出者平均額","statistic","mean"
"支給事業所割合","statistic","ratio"
"支給事業所数割合","statistic","ratio"
"支給労働者割合","statistic","ratio"
"支給労働者数割合","statistic","ratio"
"支給労働者１人平均支給額","statistic","mean"
"支給労働者１人平均支給額（夏季賞与）","statistic","mean"
"支給労働者１人平均支給額（年末賞与）","statistic","mean"
"教員の割合","statistic","ratio"
"新生児死亡率","statistic","rate"
"施設数・構成割合・人口１０万対施設数","statistic","ratio"
"旅客列車キロ・前年度比","comparison","fiscal_year_over_year"
"旅客車キロ・前年度比","comparison","fiscal_year_over_year"
"旅行平均回数","statistic","mean"
"既往歴のある者の割合","statistic","ratio"
"日本人女性1人当たり20歳以下同居児数","basis","per_person"
"日本人既婚女性1人当たり20歳以下同居児数","basis","per_person"
"日雇労働者割合","statistic","ratio"
"昼夜間人口比率","statistic","ratio"
"時間外労働の平均限度時間（分）","statistic","mean"
"時間外労働の平均限度時間（時間）","statistic","mean"
"時間外勤務手当（給料＋調整手当に対する比率）_一般職員","statistic","ratio"
"時間外勤務手当（給料＋調整手当に対する比率）_警察官","statistic","ratio"
"普通会計_予算で定めた一時借入金の借入れの最高額_当年度当初予算_標財規模に占める割合","statistic","ratio"
"普通会計_予算で定めた一時借入金の借入れの最高額_当年度最終予算_標財規模に占める割合","statistic","ratio"
"普通会計_借入金残高のピーク_標財規模に占める割合","statistic","ratio"
"普通徴収である被保険者数割合","statistic","ratio"
"最大３日平均電力","statistic","mean"
"最年長者の平均年齢","statistic","mean"
"月平均生産金額","statistic","mean"
"月末平均残高","statistic","mean"
"月末病床利用率","statistic","rate"
"月間実労働時間（平均）","statistic","mean"
"月間所定外労働時間（平均）","statistic","mean"
"有効回答数に占める割合","statistic","ratio"
"有効回答者数に占める割合","statistic","ratio"
"有形固定資産投資総額(従業者30人以上)　前年比","comparison","year_over_year"
"有所得者１人当たり平均所得金額","statistic","mean"
"有料会員保有企業割合","statistic","ratio"
"有業人員(15歳以上)－平均片道通勤時間","statistic","mean"
"有業人員の平均片道通勤時間","statistic","mean"
"有業人員（15歳以上）【千人】－平均就業期間【年】","statistic","mean"
"有業人員（15歳以上）の1日の平均就業時間","statistic","mean"
"有業人員（15歳以上）の平均片道通勤時間","statistic","mean"
"有業人員（15歳以上）の１日の平均就業時間","statistic","mean"
"有業人員（15歳以上）－平均就業期間","statistic","mean"
"有業人員１人当たり平均稼働所得金額","statistic","mean"
"有業者の平均年齢","statistic","mean"
"有業者（15歳以上）１人当たり平均所得金額","statistic","mean"
"有業者１人当たり平均所得金額","statistic","mean"
"有訴者の平均症状数","statistic","mean"
"有訴者数【千人】－平均症状数","statistic","mean"
"期末・勤勉手当　支給職員1人当たり支給額（勤勉手当）","basis","per_person"
"期末・勤勉手当　支給職員1人当たり支給額（合計）","basis","per_person"
"期末・勤勉手当　支給職員1人当たり支給額（期末手当）","basis","per_person"
"未就業入職率","statistic","rate"
"本人の総所得金額平均","statistic","mean"
"本務教員の自校出身者の占める比率","statistic","ratio"
"本業の売上高比率","statistic","ratio"
"本業の平均週間就業時間","statistic","mean"
"栄養素等摂取状況（平均摂取量）","statistic","mean"
"業種別の委託者総数に対する仕事量の減少した委託者数の割合","statistic","ratio"
"業種別の委託者総数に対する仕事量を減らしたい又は委託を中止したい委託者数の割合","statistic","ratio"
"業種別の委託者総数に対する危険有害業務を委託している委託者数の割合","statistic","ratio"
"業種別の委託者総数に対する経済的援助をした委託者数の割合","statistic","ratio"
"業種別比率","statistic","ratio"
"業種別特定容器利用事業者比率","statistic","ratio"
"業種割合","statistic","ratio"
"業種合計企業数に対する企業数の割合","statistic","ratio"
"業種合計所有面積に対する所有面積の割合","statistic","ratio"
"業種合計未利用地面積に対する未利用地面積の割合","statistic","ratio"
"構成割合","statistic","ratio"
"構成割合(世帯業態基準)","statistic","ratio"
"構成割合(世帯構造基準)","statistic","ratio"
"構成割合(世帯種基準)","statistic","ratio"
"構成割合(世帯類型基準)","statistic","ratio"
"構成割合(仕事なし基準)","statistic","ratio"
"構成割合(健診等を受けたことがある基準)","statistic","ratio"
"構成割合(年齢階級基準)","statistic","ratio"
"構成割合(悩みやストレスあり基準)","statistic","ratio"
"構成割合(総数基準)","statistic","ratio"
"構成割合(要介護度基準)","statistic","ratio"
"構成割合(配偶者あり)","statistic","ratio"
"構成割合（世帯構成別）","statistic","ratio"
"構成割合（介護を要する者基準）","statistic","ratio"
"構成割合（仕送りをしている世帯基準）","statistic","ratio"
"構成割合（仕送り先基準）","statistic","ratio"
"構成割合（同居の主な介護者基準）","statistic","ratio"
"構成割合（性別基準）","statistic","ratio"
"構成割合（所得五分位階級別）","statistic","ratio"
"構成割合（所得四分位階級別）","statistic","ratio"
"構成割合（生活意識別）","statistic","ratio"
"構成割合（生活意識基準）","statistic","ratio"
"構成割合（累積）","statistic","ratio"
"構成割合（要介護度基準）","statistic","ratio"
"構成割合（貯蓄が減った基準）","statistic","ratio"
"構成割合（貯蓄の増減基準）","statistic","ratio"
"構成比","statistic","ratio"
"構成比(リフォームの内容に対する)","statistic","ratio"
"構成比(リフォームの動機に対する)","statistic","ratio"
"構成比(供給部門)","statistic","ratio"
"構成比(需要部門)","statistic","ratio"
"構成比【％】","statistic","ratio"
"構成比・全体","statistic","ratio"
"構成比・国内","statistic","ratio"
"構成比率","statistic","ratio"
"構成比（単位：％）","statistic","ratio"
"構造種別割合","statistic","ratio"
"標準化出生率","statistic","rate"
"正規の職員・従業者比率","statistic","ratio"
"歯科診療医療費構成割合","statistic","ratio"
"歯科診療所の推計患者数","method","estimated"
"歯科診療所の推計患者数、再来患者の平均診療間隔","method","estimated"
"歯科診療所の推計患者数、再来患者の平均診療間隔","statistic","mean"
"死亡率","statistic","rate"
"死亡率(nqx)","statistic","rate"
"死傷者１人平均労働損失日数","statistic","mean"
"母の平均年齢","statistic","mean"
"母親の平均年齢","statistic","mean"
"母集団数に占める割合","statistic","ratio"
"母集団数に占める割合（「無回答」を除く）","statistic","ratio"
"比率","statistic","ratio"
"比重調整後回答数割合","statistic","ratio"
"水稲・陸稲の作業別集落営農数割合","statistic","ratio"
"水稲・陸稲の農作業体制別集落営農数割合","statistic","ratio"
"永久歯の１人当り平均むし歯（う歯）等数","statistic","mean"
"求職者比率","statistic","ratio"
"派遣労働者割合","statistic","ratio"
"流出入比率","statistic","ratio"
"海外投資目的別構成比","statistic","ratio"
"無業者比率","statistic","ratio"
"父の平均年齢","statistic","mean"
"父親の平均年齢","statistic","mean"
"特別に支払われた現金給与を受けた者1人平均過去1年間特別に支払われた現金給与額（勤続1年以上）","statistic","mean"
"特定事業者責任比率","statistic","ratio"
"特定容器比率","statistic","ratio"
"現在取り組んでいる事業内容別集落営農数割合","statistic","ratio"
"現在取り組んでいる活動内容別集落営農数割合","statistic","ratio"
"現金給与総額　前年比","comparison","year_over_year"
"現金給与総額指数","statistic","index"
"生産年齢人口の割合","statistic","ratio"
"生産指数","statistic","index"
"生産者割合","statistic","ratio"
"生産費用の変化の状況別集落営農数割合","statistic","ratio"
"生産費用の対前年増減別集落営農数割合","statistic","ratio"
"生産農産物別集落営農数割合","statistic","ratio"
"産業別割合","statistic","ratio"
"産業間移動構成比","statistic","ratio"
"田面積割合別構成農家数","statistic","ratio"
"田面積割合別集落営農数","statistic","ratio"
"田面積割合別面積","statistic","ratio"
"男親の平均年齢","statistic","mean"
"畑面積割合別構成農家数","statistic","ratio"
"畑面積割合別集落営農数","statistic","ratio"
"畑面積割合別面積","statistic","ratio"
"病床利用率","statistic","rate"
"病院の推計入院患者数","method","estimated"
"病院の推計入院患者数の圏内への流入患者割合－圏外への流出患者割合","method","estimated"
"病院の推計入院患者数の圏内への流入患者割合－圏外への流出患者割合","statistic","ratio"
"病院の推計入院患者数の構成割合","method","estimated"
"病院の推計入院患者数の構成割合","statistic","ratio"
"病院の推計入院患者数の構成割合（施設所在地）","method","estimated"
"病院の推計入院患者数の構成割合（施設所在地）","statistic","ratio"
"病院の推計入院患者数（患者住所地）","method","estimated"
"病院の推計入院患者数（施設所在地）","method","estimated"
"病院の推計患者数","method","estimated"
"病院の推計患者数（患者住所地）","method","estimated"
"病院の推計患者数（施設所在地）","method","estimated"
"病院の推計退院患者数","method","estimated"
"病院の推計退院患者数（患者住所地）","method","estimated"
"病院の推計退院患者数（施設所在地）","method","estimated"
"病院の退院患者平均在院日数","statistic","mean"
"病院の退院患者平均在院日数（施設所在地）","statistic","mean"
"病院数・構成割合","statistic","ratio"
"療養病床の推計退院患者数","method","estimated"
"療養病床の退院患者平均在院日数","statistic","mean"
"発受電計の比率","statistic","ratio"
"発症年齢構成比率","statistic","ratio"
"発電設備利用率","statistic","rate"
"社会保険料のある世帯の総所得に占める割合","statistic","ratio"
"社会保険料のある世帯の総所得の平均所得金額","statistic","mean"
"社会保険料のある世帯の１世帯当たり平均社会保険料額","statistic","mean"
"社会保険料のある世帯の１世帯当たり平均社会保険料額の総所得に占める割合","statistic","mean"
"社会保険料のある世帯の１世帯当たり平均社会保険料額の総所得に占める割合","statistic","ratio"
"社会保険料のある世帯の１世帯当たり平均社会保険料額－総所得に占める割合","statistic","mean"
"社会保険料のある世帯の１世帯当たり平均社会保険料額－総所得に占める割合","statistic","ratio"
"社会保障給付費(対前年度伸び率)","statistic","rate"
"社会増加率","statistic","rate"
"社会経済分類別割合","statistic","ratio"
"租税公課諸負担及び推計家計費","method","estimated"
"移動平均値","statistic","mean"
"税込推計値","method","estimated"
"税額(平均)","statistic","mean"
"種類別割合","statistic","ratio"
"稼働率","statistic","rate"
"稼働率の差（対前年同月比）","statistic","rate"
"第3号被保険者の数（15歳以上）－1日の平均就業時間","statistic","mean"
"等価（平均可処分所得金額）","statistic","mean"
"等価（平均所得金額）","statistic","mean"
"精神科病院の再来患者の平均診療間隔","statistic","mean"
"精神科病院の推計患者数","method","estimated"
"精神科病院の推計退院患者数","method","estimated"
"精神科病院の退院患者平均在院日数","statistic","mean"
"系統利用率","statistic","rate"
"累積発症年齢構成比率","statistic","ratio"
"組織設立時と比べ総収入が増加した集落営農の変動要因別集落営農数割合","statistic","ratio"
"組織設立時と比べ総収入が減少した集落営農の変動要因別集落営農数割合","statistic","ratio"
"経営耕地面積割合別構成農家数","statistic","ratio"
"経営耕地面積割合別集落営農数","statistic","ratio"
"経営耕地面積割合別面積","statistic","ratio"
"経営耕地面積＋農作業受託面積割合別構成農家数","statistic","ratio"
"経営耕地面積＋農作業受託面積割合別集落営農数","statistic","ratio"
"経営耕地面積＋農作業受託面積割合別面積","statistic","ratio"
"経済構成別割合","statistic","ratio"
"給与(平均)","statistic","mean"
"給与所得者数(年間月平均)","statistic","mean"
"給与額(平均)","statistic","mean"
"給料・手当(平均)","statistic","mean"
"総人口に占める割合","statistic","ratio"
"総収入の変化の状況別集落営農数割合","statistic","ratio"
"総収入の対前年増減別集落営農数割合","statistic","ratio"
"総収入別集落営農数割合","statistic","ratio"
"総収入及び労働時間の変化の状況組み合わせ別集落営農数割合","statistic","ratio"
"総収入及び労働時間の対前年増減組み合わせ別集落営農数割合","statistic","ratio"
"総収入及び生産費用の変化の状況組み合わせ別集落営農数割合","statistic","ratio"
"総収入及び生産費用の対前年増減組み合わせ別集落営農数割合","statistic","ratio"
"総収益に占める構成比率","statistic","ratio"
"総実労働時間指数","statistic","index"
"総平均時間","statistic","mean"
"総平均時間（主行動×同時行動）","statistic","mean"
"総平均時間（主行動・同時行動）","statistic","mean"
"総所得に占める割合","statistic","ratio"
"総括表（合計額）_予算で定めた一時借入金の借入れの最高額_当年度当初予算_標財規模に占める割合","statistic","ratio"
"総括表（合計額）_予算で定めた一時借入金の借入れの最高額_当年度最終予算_標財規模に占める割合","statistic","ratio"
"総括表（合計額）_借入金残高のピーク_標財規模に占める割合","statistic","ratio"
"総資産土地建物比率","statistic","ratio"
"老年人口の割合","statistic","ratio"
"老年人口指数","statistic","index"
"老年人口比率","statistic","ratio"
"老年化指数","statistic","index"
"職業別割合","statistic","ratio"
"職業別就業者割合","statistic","ratio"
"背景濃度の平均値","statistic","mean"
"背景濃度の平均値及びぜん息発症率","statistic","mean"
"背景濃度の平均値及び呼吸器症状有症率","statistic","mean"
"脂質異常症　推計患者数（患者住所地）","method","estimated"
"自国割合","statistic","ratio"
"自己資本比率","statistic","ratio"
"自己資金比率","statistic","ratio"
"自然増加率","statistic","rate"
"薬局調剤医療費構成割合","statistic","ratio"
"行動者平均時間","statistic","mean"
"行動者平均時間（主行動×同時行動）","statistic","mean"
"行動者平均時間（主行動・同時行動）","statistic","mean"
"行動者数（構成比）","statistic","ratio"
"術前の平均在院日数（施設所在地）","statistic","mean"
"術前・術後の平均在院日数","statistic","mean"
"術後の平均在院日数（施設所在地）","statistic","mean"
"被保険者数割合","statistic","ratio"
"被害推定額","method","estimated"
"被害率_対前年差","statistic","change"
"被扶養者数及び平均年齢","statistic","mean"
"製造品出荷額等　前年比","comparison","year_over_year"
"製造所数(月平均)","statistic","mean"
"親の平均年齢","statistic","mean"
"計を100.0%とした割合","statistic","ratio"
"設備投資計画伸び率","statistic","rate"
"設備投資額割合","statistic","ratio"
"該当売上高割合","statistic","ratio"
"認知件数に対する割合","statistic","ratio"
"調査対象企業数_構成比","statistic","ratio"
"調査年1月1日現在の所有土地に対する面積の割合","statistic","ratio"
"調査年1月1日現在所有土地面積に対する面積の割合","statistic","ratio"
"調査年1月1日現在未利用地面積に対する面積の割合","statistic","ratio"
"調査年から2年前12月31日現在の所有土地面積に対する売却土地面積の割合","statistic","ratio"
"調査年から2年前12月31日現在の所有土地面積に対する購入土地面積の割合","statistic","ratio"
"調査船員平均稼働日数","statistic","mean"
"調査船舶の1隻当たり平均1日当たり報酬支払額","statistic","mean"
"調査船舶の1隻当たり平均1日当たり水揚高","statistic","mean"
"調査船舶の1隻当たり平均最多乗組員数","statistic","mean"
"調査船舶の1隻当たり平均最少乗組員数","statistic","mean"
"調査船舶の1隻当たり平均漁業日数","statistic","mean"
"調査船舶の1隻当たり平均総ﾄﾝ数","statistic","mean"
"調査船舶の1隻当たり平均航海回数","statistic","mean"
"調査船舶の1隻当たり平均航海日数","statistic","mean"
"調査船舶の1隻当たり平均船舶別報酬水揚高","statistic","mean"
"調査船舶平均稼働日数","statistic","mean"
"財政力指数","statistic","index"
"貧困率－中央値－貧困線","statistic","median"
"貧困線（等価可処分所得の中位数の50％の額）未満の者の割合","statistic","ratio"
"貧困線（等価可処分所得の中位数の50％の額）未満の者の平均所得","statistic","mean"
"販売効率_1事業所当たり年間商品販売額","basis","per_establishment"
"販売効率_就業者1人当たり年間商品販売額","basis","per_person"
"販売効率_従業者1人当たり年間商品販売額","basis","per_person"
"販売額（前年度比増減率）","comparison","fiscal_year_over_year"
"販売額（前年比増減率）","comparison","year_over_year"
"貯蓄と住宅・宅地の合計に対する負債の割合の中位数（負債保有世帯）","statistic","ratio"
"賃金の改定率（加重平均）","statistic","mean"
"賃金の改定率（単純平均）","statistic","mean"
"賃金の改定額（加重平均）","statistic","mean"
"賃金の改定額（単純平均）","statistic","mean"
"賃金指数","statistic","index"
"賃金指数（きまって支給する給与）","statistic","index"
"賃金指数（きまって支給する給与）（前年比）","comparison","year_over_year"
"賃金指数（きまって支給する給与）（前年比）","statistic","index"
"賃金指数（所定内給与）","statistic","index"
"賃金指数（所定内給与）（前年比）","comparison","year_over_year"
"賃金指数（所定内給与）（前年比）","statistic","index"
"賃金指数（現金給与総額）","statistic","index"
"賃金指数（現金給与総額）（前年比）","comparison","year_over_year"
"賃金指数（現金給与総額）（前年比）","statistic","index"
"資本金・上場の有無・常用雇用者数合計企業数に対する企業数の割合","statistic","ratio"
"資本金・上場の有無・常用雇用者数合計所有面積に対する所有面積の割合","statistic","ratio"
"資本金・上場の有無・常用雇用者数合計未利用地面積に対する未利用地面積の割合","statistic","ratio"
"資産合計に対する割合","statistic","ratio"
"賞与(平均)","statistic","mean"
"賦課限度額を超える被保険者1人当たり賦課限度額を超える額","basis","per_person"
"賦課限度額を超える被保険者に占める割合","statistic","ratio"
"起債制限比率","statistic","ratio"
"転職入職率","statistic","rate"
"農作業受託料金収入別集落営農数割合","statistic","ratio"
"農作業受託料金収入金額規模別集落営農数割合","statistic","ratio"
"農作業受託面積割合別構成農家数","statistic","ratio"
"農作業受託面積割合別集落営農数","statistic","ratio"
"農作業受託面積割合別面積","statistic","ratio"
"農業生産以外の事業への取組状況集落営農数割合","statistic","ratio"
"農業生産資材等の運転資金の調達方法別集落営農数割合","statistic","ratio"
"農業生産関連事業収入別集落営農数割合","statistic","ratio"
"農業産出額構成比","statistic","ratio"
"農業用機械・施設設備資金の調達方法別集落営農数割合","statistic","ratio"
"農産物販売収入別集落営農数割合","statistic","ratio"
"農産物販売金額規模別集落営農数割合","statistic","ratio"
"退職手当　支給職員1人当たり支給額　60歳定年退職者","basis","per_person"
"退職手当　支給職員1人当たり支給額　60歳定年退職者の平均支給額","basis","per_person"
"退職手当　支給職員1人当たり支給額　60歳定年退職者の平均支給額","statistic","mean"
"退職手当　支給職員1人当たり支給額　全退職者","basis","per_person"
"退職手当　支給職員1人当たり支給額　全退職者の平均支給額","basis","per_person"
"退職手当　支給職員1人当たり支給額　全退職者の平均支給額","statistic","mean"
"退職者数構成比","statistic","ratio"
"退院患者平均在院日数","statistic","mean"
"退院患者平均在院日数の年次推移","statistic","mean"
"退院患者平均在院日数（外傷）","statistic","mean"
"退院患者平均在院日数（患者住所地）","statistic","mean"
"通院者のいる世帯の割合","statistic","ratio"
"通院者の平均傷病数","statistic","mean"
"通院者数【千人】－平均傷病数","statistic","mean"
"週所定労働時間（平均）","statistic","mean"
"適用者の割合","statistic","ratio"
"郡部人口の割合","statistic","ratio"
"部門別構成比（総生産量＝100%）","statistic","ratio"
"都道府県面積に対する法人土地所有面積割合","statistic","ratio"
"配偶者ありの女性の有業人員(15歳以上)－妻の１日の平均就業時間－夫の１日の平均就業時間","statistic","mean"
"配偶者ありの女性の有業人員数（15歳以上）－妻の平均片道通勤時間－夫の平均片道通勤時間","statistic","mean"
"配偶者ありの女性の有業人員数（15歳以上）－妻の１日の平均就業時間－夫の１日の平均就業時間","statistic","mean"
"配偶者ありの女性の有業人員（15歳以上）－妻の平均片道通勤時間－夫の平均片道通勤時間","statistic","mean"
"配偶者ありの女性の者数（15歳以上）－妻の１日の平均就業時間－夫の１日の平均就業時間","statistic","mean"
"配偶者あり同居児童ありの女性の有業人員数（15歳以上）－妻の平均片道通勤時間－夫の平均片道通勤時間","statistic","mean"
"配偶者あり同居児童ありの女性の有業人員（15歳以上）－妻の平均片道通勤時間－夫の平均片道通勤時間","statistic","mean"
"配偶者の年金収入の平均年額","statistic","mean"
"配偶関係別割合","statistic","ratio"
"金額_対前年度比","comparison","fiscal_year_over_year"
"金額_平均","statistic","mean"
"金額の伸び率","statistic","rate"
"金額比率","statistic","ratio"
"集落内の田面積割合","statistic","ratio"
"集落内の畑面積割合","statistic","ratio"
"集落内の総耕地面積に占める現況集積面積(経営耕地面積＋農作業受託面積)割合別集落営農数","statistic","ratio"
"集落内の総耕地面積に占める現況集積面積(農作業受託面積)割合別集落営農数","statistic","ratio"
"集落内の総耕地面積に占める田面積割合別構成農家数","statistic","ratio"
"集落内の総耕地面積に占める田面積割合別面積","statistic","ratio"
"集落内の総耕地面積に占める畑面積割合別構成農家数","statistic","ratio"
"集落内の総耕地面積に占める畑面積割合別面積","statistic","ratio"
"集落内の総耕地面積割合","statistic","ratio"
"集計企業に対する割合","statistic","ratio"
"集計値に対する税込推計値の比率","method","estimated"
"集計値に対する税込推計値の比率","statistic","ratio"
"雇用者に占める比率（うちパート・アルバイト）","statistic","ratio"
"雇用者に占める比率（正規の職員・従業員）","statistic","ratio"
"雇用者に占める比率（非正規の職員・従業員）","statistic","ratio"
"雇用者比率","statistic","ratio"
"離職率","statistic","rate"
"離職者構成比","statistic","ratio"
"需要比率","statistic","ratio"
"需要比率（生産者価格）","statistic","ratio"
"需要比率（購入者価格）","statistic","ratio"
"非正規の職員・従業者比率","statistic","ratio"
"飼養戸数別構成比","statistic","ratio"
"飼養羽数別構成比","statistic","ratio"
"飼養頭数別構成比","statistic","ratio"
"高齢者世帯の１世帯当たり平均所得金額","statistic","mean"
"高齢者世帯の１世帯当たり平均所得金額の構成割合","statistic","mean"
"高齢者世帯の１世帯当たり平均所得金額の構成割合","statistic","ratio"
"高齢者世帯の１世帯当たり平均所得金額－構成割合","statistic","mean"
"高齢者世帯の１世帯当たり平均所得金額－構成割合","statistic","ratio"
"高齢者世帯指数(昭和50年=100)","statistic","index"
"高齢者世帯指数（昭和５０年＝１００）","statistic","index"
"高齢者世帯推計数","method","estimated"
"高齢者世帯数の構成割合","statistic","ratio"
"高齢者世帯数－構成割合","statistic","ratio"
"高齢者関係給付費(対前年度伸び率)","statistic","rate"
"高齢者関係給付費(給付費に占める割合)","statistic","ratio"
"（再掲）割合","statistic","ratio"
"（参考）2004年調査の貧困線(物価変動調整済)未満の者の平均所得","statistic","mean"
"（参考）等価可処分所得の中位数の60％の額未満の者の平均所得","statistic","mean"
"１トン当たり平均輸送キロ","statistic","mean"
"１世帯あたり平均傷病人員","statistic","mean"
"１世帯あたり平均傷病人員数","statistic","mean"
"１世帯あたり平均所得金額","statistic","mean"
"１世帯当たり平均仕送り額","statistic","mean"
"１世帯当たり平均個人年金掛金額","statistic","mean"
"１世帯当たり平均借入金額","statistic","mean"
"１世帯当たり平均傷病人員","statistic","mean"
"１世帯当たり平均可処分所得金額","statistic","mean"
"１世帯当たり平均土地資産額","statistic","mean"
"１世帯当たり平均室数","statistic","mean"
"１世帯当たり平均室数－１世帯当たり平均床面積－世帯人員１人当たり平均室数－世帯人員１人当たり平均床面積","statistic","mean"
"１世帯当たり平均家計支出額","statistic","mean"
"１世帯当たり平均床面積","statistic","mean"
"１世帯当たり平均所得税額","statistic","mean"
"１世帯当たり平均所得金額","statistic","mean"
"１世帯当たり平均所得金額_対前年増加率","statistic","mean"
"１世帯当たり平均所得金額_対前年増加率","statistic","rate"
"１世帯当たり平均所得金額の構成割合","statistic","mean"
"１世帯当たり平均所得金額の構成割合","statistic","ratio"
"１世帯当たり平均所得金額－全世帯の平均所得金額を100としたときの指数","statistic","index"
"１世帯当たり平均所得金額－全世帯の平均所得金額を100としたときの指数","statistic","mean"
"１世帯当たり平均所得金額－構成割合","statistic","mean"
"１世帯当たり平均所得金額－構成割合","statistic","ratio"
"１世帯当たり平均拠出金額","statistic","mean"
"１世帯当たり平均社会保険料額","statistic","mean"
"１世帯当たり平均貯蓄額","statistic","mean"
"１世帯当たり平均金額","statistic","mean"
"１世帯当たり育児にかかった平均費用","statistic","mean"
"１世帯当たり育児にかかった平均費用－平均家計支出額","statistic","mean"
"１世帯当り平均室数","statistic","mean"
"１世帯当り平均床面積","statistic","mean"
"１世帯当り平均畳数","statistic","mean"
"１事業従事者当たり年間売上高（前年比）","comparison","year_over_year"
"１人平均定期昇給率（加重平均）","statistic","mean"
"１人平均定期昇給額（加重平均）","statistic","mean"
"１人平均年間賞与妥結月数","statistic","mean"
"１人平均年間賞与妥結額","statistic","mean"
"１人平均年間賞与要求月数","statistic","mean"
"１人平均年間賞与要求額","statistic","mean"
"１人平均賃金の改定率（加重平均）","statistic","mean"
"１人平均賃金の改定率（単純平均）","statistic","mean"
"１人平均賃金の改定額（加重平均）","statistic","mean"
"１人平均賃金の改定額（単純平均）","statistic","mean"
"１人平均賃金改定率","statistic","mean"
"１人平均賞与支給月数（加重平均）","statistic","mean"
"１人平均賞与支給月数（単純平均）","statistic","mean"
"１人平均賞与支給額（加重平均）","statistic","mean"
"１人平均賞与支給額（単純平均）","statistic","mean"
"１人平均賞与要求月数","statistic","mean"
"１人平均賞与要求額","statistic","mean"
"１人当たり平均居宅サービス費用額","statistic","mean"
"１人当たり平均輸送キロ","statistic","mean"
"１人当り平均室数","statistic","mean"
"１人当り平均床面積","statistic","mean"
"１人当り平均畳数","statistic","mean"
"１住宅当たり延べ面積の利用率","statistic","rate"
"１住宅当たり建築面積の利用率","statistic","rate"
"１区画当たり平均面積","statistic","mean"
"１日の平均営業（操業）時間（１企業当たり）","statistic","mean"
"１日の平均就業時間","statistic","mean"
"１日平均在院患者数","statistic","mean"
"１日平均外来患者数","statistic","mean"
"１日平均新入院患者数","statistic","mean"
"１日平均退院患者数","statistic","mean"
"１日当たりの平均時間","statistic","mean"
"１法人当たり平均所有面積","statistic","mean"
"１組織平均戸数","statistic","mean"
"１経営体平均世帯員数","statistic","mean"
"１経営体平均面積","statistic","mean"
"１職員当たり平均勤務年数","statistic","mean"
"１職員当たり平均年間賞与額","statistic","mean"
"１職員当たり平均年齢","statistic","mean"
"１職員当たり平均給与","statistic","mean"
"１退職者当たり平均退職金","statistic","mean"
"３５歳未満のパート・アルバイトをしている者及び希望している者のいる世帯の１世帯当たり平均所得金額","statistic","mean"
"５年前の常住地別割合","statistic","ratio"
"＜参考＞地域手当補正後ラス指数（制度完成時）","statistic","index"
"＜参考＞地域手当補正後ラス指数（現在）","statistic","index"
